"","upper","lower"
"lowest.day",0.531365101133692,0.361808848164967
"lowest.weight",0.76651407034853,0.621421008478884
