"","upper","lower"
"lowest.day",0.584270192649456,0.412698941292253
"lowest.weight",0.823148809674475,0.699450207843854
