"","upper","lower"
"D7.wl",0.776998250191214,0.635320636550762
