"","upper","lower"
"lowest.day",0.529900156994505,0.360451815239412
"lowest.weight",0.757390327157618,0.60951587912972
