"dam","sire","RIX","add_chr1","add_mx1","lowest.weight"
"CC016","CC061","CC016xCC061","3","0",85.0203252860212
"CC018","CC009","CC018xCC009","3","0",90.9128062261456
"CC019","CC002","CC019xCC002","3","0",90.6792305462818
"CC022","CC024","CC022xCC024","0","0",75.1361402960886
"CC036","CC051","CC036xCC051","3","0",92.6174153596344
"CC040","CC015","CC040xCC015","0","0",73.5884049233593
"CC043","CC037","CC043xCC037","3","0",89.0365244669161
"CC049","CC036","CC049xCC036","3","0",91.1249636783794
"CC061","CC026","CC061xCC026","3","0",91.8391457275289
"CC072","CC075","CC072xCC075","3","0",90.8378455400399
